{
  "0": {
    "very wet soil": {
      "mean": 11099.2,
      "std": 19.492508682487284,
      "min": 11072,
      "max": 11120,
      "median": 11096.0
    },
    "wet soil": {
      "mean": 15143.2,
      "std": 21.07030836833771,
      "min": 15120,
      "max": 15168,
      "median": 15136.0
    },
    "very dry soil": {
      "mean": 22962.4,
      "std": 24.500053705633942,
      "min": 22928,
      "max": 22992,
      "median": 22960.0
    },
    "dry soil": {
      "mean": 20305.6,
      "std": 16.333369137089292,
      "min": 20288,
      "max": 20336,
      "median": 20304.0
    },
    "damp soil": {
      "mean": 16807.2,
      "std": 14.19265933316827,
      "min": 16784,
      "max": 16832,
      "median": 16808.0
    }
  },
  "1": {
    "very wet soil": {
      "mean": 13636.8,
      "std": 43.151629840537154,
      "min": 13600,
      "max": 13808,
      "median": 13632.0
    },
    "wet soil": {
      "mean": 15341.6,
      "std": 19.61309981136399,
      "min": 15312,
      "max": 15376,
      "median": 15344.0
    },
    "very dry soil": {
      "mean": 23363.2,
      "std": 16.900949833164937,
      "min": 23344,
      "max": 23392,
      "median": 23360.0
    },
    "dry soil": {
      "mean": 18860.8,
      "std": 13.33614005546385,
      "min": 18848,
      "max": 18880,
      "median": 18864.0
    },
    "damp soil": {
      "mean": 17259.2,
      "std": 10.511146965308582,
      "min": 17248,
      "max": 17280,
      "median": 17264.0
    }
  },
  "2": {
    "very wet soil": {
      "mean": 11403.2,
      "std": 20.829129400408153,
      "min": 11376,
      "max": 11424,
      "median": 11400.0
    },
    "wet soil": {
      "mean": 14980.8,
      "std": 20.829129400408153,
      "min": 14944,
      "max": 15008,
      "median": 14976.0
    },
    "very dry soil": {
      "mean": 23440.8,
      "std": 27.700655511909346,
      "min": 23408,
      "max": 23472,
      "median": 23448.0
    },
    "dry soil": {
      "mean": 20353.6,
      "std": 15.486496664751794,
      "min": 20336,
      "max": 20384,
      "median": 20352.0
    },
    "damp soil": {
      "mean": 15566.4,
      "std": 17.138445547641528,
      "min": 15536,
      "max": 15584,
      "median": 15568.0
    }
  },
  "3": {
    "very wet soil": {
      "mean": 13954.4,
      "std": 13.003643214195984,
      "min": 13936,
      "max": 13968,
      "median": 13952.0
    },
    "wet soil": {
      "mean": 13351.2,
      "std": 21.700351682815988,
      "min": 13328,
      "max": 13376,
      "median": 13352.0
    },
    "very dry soil": {
      "mean": 23328,
      "std": 15.573256428553202,
      "min": 23312,
      "max": 23344,
      "median": 23328.0
    },
    "dry soil": {
      "mean": 19879.2,
      "std": 19.055597326604175,
      "min": 19856,
      "max": 19904,
      "median": 19872.0
    },
    "damp soil": {
      "mean": 16384,
      "std": 22.02391045157393,
      "min": 16352,
      "max": 16416,
      "median": 16384.0
    }
  },
  "4": {
    "very wet soil": {
      "mean": 13028,
      "std": 13.61114094757441,
      "min": 13008,
      "max": 13040,
      "median": 13032.0
    },
    "wet soil": {
      "mean": 14443.2,
      "std": 18.788574355596793,
      "min": 14416,
      "max": 14464,
      "median": 14448.0
    },
    "very dry soil": {
      "mean": 23177.6,
      "std": 21.653734332126543,
      "min": 23152,
      "max": 23200,
      "median": 23168.0
    },
    "dry soil": {
      "mean": 20843.2,
      "std": 17.294964280786598,
      "min": 20816,
      "max": 20864,
      "median": 20848.0
    },
    "damp soil": {
      "mean": 17157.6,
      "std": 13.003643214195984,
      "min": 17136,
      "max": 17184,
      "median": 17152.0
    }
  }
}