{"dry air": {"mean": 23376.8, "std": 3.5777087639996634, "min": 23376, "max": 23392}, "soil": {"mean": 19234.4, "std": 5.861560776520372, "min": 19232, "max": 19248}, "water": {"mean": 12340.8, "std": 306.9815012427673, "min": 12112, "max": 13072}}
